{
  "oreConfig": [
    {
      "ore": "minecraft:dirt",
      "filler": "minecraft:stone",
      "minY": 1,
      "maxY": 256,
      "maxVeinSize": 32,
      "spawnRate": 10.0,
      "biomeBlacklist": [],
      "biomeWhitelist": []
    },
    {
      "ore": "minecraft:gravel",
      "filler": "minecraft:stone",
      "minY": 1,
      "maxY": 256,
      "maxVeinSize": 32,
      "spawnRate": 8.0,
      "biomeBlacklist": [],
      "biomeWhitelist": []
    },
    {
      "ore": "minecraft:granite",
      "filler": "minecraft:stone",
      "minY": 1,
      "maxY": 80,
      "maxVeinSize": 32,
      "spawnRate": 10.0,
      "biomeBlacklist": [],
      "biomeWhitelist": []
    },
    {
      "ore": "minecraft:diorite",
      "filler": "minecraft:stone",
      "minY": 1,
      "maxY": 80,
      "maxVeinSize": 32,
      "spawnRate": 10.0,
      "biomeBlacklist": [],
      "biomeWhitelist": []
    },
    {
      "ore": "minecraft:andesite",
      "filler": "minecraft:stone",
      "minY": 1,
      "maxY": 80,
      "maxVeinSize": 32,
      "spawnRate": 10.0,
      "biomeBlacklist": [],
      "biomeWhitelist": []
    },
    {
      "ore": "minecraft:infested_stone",
      "filler": "minecraft:stone",
      "minY": 1,
      "maxY": 64,
      "maxVeinSize": 8,
      "spawnRate": 7.0,
      "biomeBlacklist": [],
      "biomeWhitelist": [
        "MOUNTAIN"
      ]
    },
    {
      "ore": "minecraft:coal_ore",
      "filler": "minecraft:stone",
      "minY": 1,
      "maxY": 128,
      "maxVeinSize": 43,
      "spawnRate": 20.0,
      "biomeBlacklist": [],
      "biomeWhitelist": []
    },
    {
      "ore": "minecraft:iron_ore",
      "filler": "minecraft:stone",
      "minY": 1,
      "maxY": 64,
      "maxVeinSize": 42,
      "spawnRate": 20.0,
      "biomeBlacklist": [],
      "biomeWhitelist": []
    },
    {
      "ore": "minecraft:gold_ore",
      "filler": "minecraft:stone",
      "minY": 1,
      "maxY": 32,
      "maxVeinSize": 19,
      "spawnRate": 2.0,
      "biomeBlacklist": [],
      "biomeWhitelist": []
    },
    {
      "ore": "minecraft:redstone_ore",
      "filler": "minecraft:stone",
      "minY": 1,
      "maxY": 16,
      "maxVeinSize": 17,
      "spawnRate": 8.0,
      "biomeBlacklist": [],
      "biomeWhitelist": []
    },
    {
      "ore": "minecraft:lapis_ore",
      "filler": "minecraft:stone",
      "minY": 1,
      "maxY": 30,
      "maxVeinSize": 9,
      "spawnRate": 3.0,
      "biomeBlacklist": [],
      "biomeWhitelist": []
    },
    {
      "ore": "minecraft:diamond_ore",
      "filler": "minecraft:stone",
      "minY": 1,
      "maxY": 16,
      "maxVeinSize": 25,
      "spawnRate": 1.0,
      "biomeBlacklist": [],
      "biomeWhitelist": []
    },
    {
      "ore": "minecraft:emerald_ore",
      "filler": "minecraft:stone",
      "minY": 4,
      "maxY": 32,
      "maxVeinSize": 23,
      "spawnRate": 5.0,
      "biomeBlacklist": [],
      "biomeWhitelist": [
        "MOUNTAIN"
      ]
    },
    {
      "ore": "minecraft:soul_sand",
      "filler": "minecraft:netherrack",
      "minY": 1,
      "maxY": 32,
      "maxVeinSize": 12,
      "spawnRate": 12.0,
      "biomeBlacklist": [],
      "biomeWhitelist": []
    },
    {
      "ore": "minecraft:gravel",
      "filler": "minecraft:netherrack",
      "minY": 5,
      "maxY": 37,
      "maxVeinSize": 32,
      "spawnRate": 2.0,
      "biomeBlacklist": [],
      "biomeWhitelist": []
    },
    {
      "ore": "minecraft:nether_quartz_ore",
      "filler": "minecraft:netherrack",
      "minY": 10,
      "maxY": 246,
      "maxVeinSize": 14,
      "spawnRate": 10.0,
      "biomeBlacklist": [],
      "biomeWhitelist": []
    },
    {
      "ore": "minecraft:nether_quartz_ore",
      "filler": "minecraft:netherrack",
      "minY": 10,
      "maxY": 246,
      "maxVeinSize": 14,
      "spawnRate": 32.0,
      "biomeBlacklist": [],
      "biomeWhitelist": []
    },
    {
      "ore": "minecraft:nether_gold_ore",
      "filler": "minecraft:netherrack",
      "minY": 10,
      "maxY": 118,
      "maxVeinSize": 10,
      "spawnRate": 10.0,
      "biomeBlacklist": [],
      "biomeWhitelist": []
    },
    {
      "ore": "minecraft:nether_gold_ore",
      "filler": "minecraft:netherrack",
      "minY": 10,
      "maxY": 118,
      "maxVeinSize": 10,
      "spawnRate": 20.0,
      "biomeBlacklist": [],
      "biomeWhitelist": []
    },
    {
      "ore": "minecraft:blackstone",
      "filler": "minecraft:netherrack",
      "minY": 5,
      "maxY": 31,
      "maxVeinSize": 10,
      "spawnRate": 2.0,
      "biomeBlacklist": [],
      "biomeWhitelist": []
    },
    {
      "ore": "minecraft:magma_block",
      "filler": "minecraft:netherrack",
      "minY": 26,
      "maxY": 36,
      "maxVeinSize": 10,
      "spawnRate": 15.0,
      "biomeBlacklist": [],
      "biomeWhitelist": []
    },
    {
      "ore": "minecraft:ancient_debris",
      "filler": "minecraft:netherrack",
      "minY": 8,
      "maxY": 120,
      "maxVeinSize": 1,
      "spawnRate": 1.0,
      "biomeBlacklist": [],
      "biomeWhitelist": []
    },
    {
      "ore": "minecraft:ancient_debris",
      "filler": "minecraft:netherrack",
      "minY": 8,
      "maxY": 24,
      "maxVeinSize": 2,
      "spawnRate": 1.0,
      "biomeBlacklist": [],
      "biomeWhitelist": []
    }
  ]
}